{
  "macrobenthos_ab_rel_err": 0.5977007111997709,
  "seabirds_corr": 0.9177188872079839,
  "seabirds_first_large_rel_idx": null
}